[
    {
        "title": "Om Namah Shivaya",
        "desc": "",
        "songId": "1",
        "imgpath": "assets/images/ganesh.png",
        "songpath": "songs/om_namah_shivayah.mp3"
    },
    {
        "title": "Om Namo Narayana",
        "desc": "",
        "songId": "2",
        "imgpath": "assets/images/ganesh.png",
        "songpath": "songs/om_namo_narayanaya.mp3"
    },
    {
        "title": "Hare Krishna Mantra",
        "desc": "hare rama hare rama,\nrama rama hare hare,\nhare krishna hare krishna,\nkrishna krishna hare hare",
        "songId": "3",
        "imgpath": "assets/images/ganesh.png",
        "songpath": "songs/hare_rama.mp3"
    },
    {
        "title": "Om gam ganapataye namaha",
        "desc": "",
        "songId": "4",
        "imgpath": "assets/images/ganesh.png",
        "songpath": "songs/om_ganganapataye_namaha.mp3"
    }
]