{
  "project_info": {
    "project_number": "878958104046",
    "project_id": "wellverse-4c41f",
    "storage_bucket": "wellverse-4c41f.appspot.com"
  },
  "client": [
    {
      "client_info": {
        "mobilesdk_app_id": "1:878958104046:android:0634de97991bb6d21dd2ff",
        "android_client_info": {
          "package_name": "com.example.wellverse"
        }
      },
      "oauth_client": [
        {
          "client_id": "878958104046-d20nla4h2rjp37et71rsfqns0spccs6o.apps.googleusercontent.com",
          "client_type": 3
        }
      ],
      "api_key": [
        {
          "current_key": "AIzaSyCM2Thw3KJAkX_sj3hK1-UCiXUONDHncq4"
        }
      ],
      "services": {
        "appinvite_service": {
          "other_platform_oauth_client": [
            {
              "client_id": "878958104046-d20nla4h2rjp37et71rsfqns0spccs6o.apps.googleusercontent.com",
              "client_type": 3
            },
            {
              "client_id": "878958104046-2fpn28f9ocfsjko69bll8agoqkronu56.apps.googleusercontent.com",
              "client_type": 2,
              "ios_info": {
                "bundle_id": "com.example.wellverse"
              }
            }
          ]
        }
      }
    }
  ],
  "configuration_version": "1"
}